{"cameraMode":{"drawMode":0,"name":"Shaded","section":"Shading Mode"},"sceneLighting":false,"audioPlay":false,"sceneViewState":{"showFog":true,"showMaterialUpdate":false,"showSkybox":true,"showFlares":true,"showImageEffects":true,"showParticleSystems":true},"in2DMode":false,"pivot":{"x":0.08707161992788315,"y":-0.29057708382606509,"z":-0.295594722032547},"rotation":{"x":-0.09876300394535065,"y":-0.8501882553100586,"z":0.1721676141023636,"w":-0.48764342069625857},"size":19.59421730041504,"orthographic":false}