{"cameraMode":{"drawMode":0,"name":"Shaded","section":"Shading Mode"},"sceneLighting":false,"audioPlay":false,"sceneViewState":{"showFog":true,"showMaterialUpdate":false,"showSkybox":true,"showFlares":true,"showImageEffects":true,"showParticleSystems":true},"in2DMode":false,"pivot":{"x":-0.23841030895709992,"y":0.6002626419067383,"z":-0.31357842683792117},"rotation":{"x":-0.009849406778812409,"y":-0.9646079540252686,"z":0.2610636353492737,"w":-0.03644070029258728},"size":4.0578837394714359,"orthographic":false}