{"cameraMode":{"drawMode":0,"name":"Shaded","section":"Shading Mode"},"sceneLighting":false,"audioPlay":false,"sceneViewState":{"showFog":true,"showMaterialUpdate":false,"showSkybox":true,"showFlares":true,"showImageEffects":true,"showParticleSystems":true},"in2DMode":false,"pivot":{"x":-0.07068493217229843,"y":-0.2518825829029083,"z":-0.2020135372877121},"rotation":{"x":-0.2504098415374756,"y":-0.6331290602684021,"z":0.22775623202323914,"w":-0.6961331963539124},"size":14.864425659179688,"orthographic":false}