{"cameraMode":{"drawMode":0,"name":"Shaded","section":"Shading Mode"},"sceneLighting":false,"audioPlay":false,"sceneViewState":{"showFog":true,"showMaterialUpdate":false,"showSkybox":true,"showFlares":true,"showImageEffects":true,"showParticleSystems":true},"in2DMode":false,"pivot":{"x":-4.521773338317871,"y":1.2047008275985718,"z":2.9561800956726076},"rotation":{"x":0.29721787571907046,"y":0.015223118476569653,"z":-0.004750631749629974,"w":0.954701840877533},"size":39.39081954956055,"orthographic":false}