{"cameraMode":{"drawMode":0,"name":"Shaded","section":"Shading Mode"},"sceneLighting":false,"audioPlay":false,"sceneViewState":{"showFog":true,"showMaterialUpdate":false,"showSkybox":true,"showFlares":true,"showImageEffects":true,"showParticleSystems":true},"in2DMode":false,"pivot":{"x":117.685546875,"y":282.1322326660156,"z":18.02484130859375},"rotation":{"x":0.09159886091947556,"y":0.04275403544306755,"z":-0.003924862947314978,"w":0.9948899745941162},"size":438.1668395996094,"orthographic":false}