{"cameraMode":{"drawMode":0,"name":"Shaded","section":"Shading Mode"},"sceneLighting":false,"audioPlay":false,"sceneViewState":{"showFog":true,"showMaterialUpdate":false,"showSkybox":true,"showFlares":true,"showImageEffects":true,"showParticleSystems":true},"in2DMode":false,"pivot":{"x":-0.23841030895709992,"y":0.6002626419067383,"z":-0.31357842683792117},"rotation":{"x":0.3504265546798706,"y":-0.06087266281247139,"z":0.022816702723503114,"w":0.9343571066856384},"size":22.0,"orthographic":false}