{"cameraMode":{"drawMode":0,"name":"Shaded","section":"Shading Mode"},"sceneLighting":false,"audioPlay":false,"sceneViewState":{"showFog":true,"showMaterialUpdate":false,"showSkybox":true,"showFlares":true,"showImageEffects":true,"showParticleSystems":true},"in2DMode":false,"pivot":{"x":-0.07068493217229843,"y":-0.2518825829029083,"z":-0.2020135372877121},"rotation":{"x":0.19052861630916596,"y":0.49095308780670168,"z":-0.11096612364053726,"w":0.8428441882133484},"size":14.864425659179688,"orthographic":false}